{
  "name": "Papa",
  "symbol": "PP",
  "type": "ERC20",
  "decimals": 18,
  "description": "PapaToken (PP) is a community-driven token that represents the strength and leadership of a father figure. Built on Ethereum with transparency and long-term vision.",
  "website": "https://papatoken.online",
  "explorer": "https://sepolia.etherscan.io/token/0xc4d7fc155883c27c96801f355a1e0d60816b5087",
  "status": "active",
  "id": "0xc4d7fc155883c27c96801f355a1e0d60816b5087",
  "links": [
    {
      "name": "telegram",
      "url": "https://t.me/trade_commando"
    },
    {
      "name": "twitter",
      "url": "https://twitter.com/papatoken"
    }
  ]
}